{
    "loss": 0.23425309360027313,
    "accuracy": 0.9482758641242981
}